intersection_id,tollgate_id,time_window,avg_travel_time
A,2,"[2016-10-18 08:00:00,2016-10-18 08:20:00)",77.88899999999998
A,2,"[2016-10-18 08:20:00,2016-10-18 08:40:00)",78.76433333333335
A,2,"[2016-10-18 08:40:00,2016-10-18 09:00:00)",73.66966666666666
A,2,"[2016-10-18 09:00:00,2016-10-18 09:20:00)",84.53066666666663
A,2,"[2016-10-18 09:20:00,2016-10-18 09:40:00)",79.60633333333335
A,2,"[2016-10-18 09:40:00,2016-10-18 10:00:00)",73.059
A,2,"[2016-10-19 08:00:00,2016-10-19 08:20:00)",77.46266666666664
A,2,"[2016-10-19 08:20:00,2016-10-19 08:40:00)",68.19066666666667
A,2,"[2016-10-19 08:40:00,2016-10-19 09:00:00)",81.42099999999999
A,2,"[2016-10-19 09:00:00,2016-10-19 09:20:00)",71.15566666666665
A,2,"[2016-10-19 09:20:00,2016-10-19 09:40:00)",68.85733333333334
A,2,"[2016-10-19 09:40:00,2016-10-19 10:00:00)",84.90833333333333
A,2,"[2016-10-20 08:00:00,2016-10-20 08:20:00)",68.36800000000001
A,2,"[2016-10-20 08:20:00,2016-10-20 08:40:00)",66.31366666666666
A,2,"[2016-10-20 08:40:00,2016-10-20 09:00:00)",65.31266666666666
A,2,"[2016-10-20 09:00:00,2016-10-20 09:20:00)",67.46800000000002
A,2,"[2016-10-20 09:20:00,2016-10-20 09:40:00)",63.84733333333334
A,2,"[2016-10-20 09:40:00,2016-10-20 10:00:00)",66.44233333333335
A,2,"[2016-10-21 08:00:00,2016-10-21 08:20:00)",65.069
A,2,"[2016-10-21 08:20:00,2016-10-21 08:40:00)",73.24766666666667
A,2,"[2016-10-21 08:40:00,2016-10-21 09:00:00)",66.92199999999998
A,2,"[2016-10-21 09:00:00,2016-10-21 09:20:00)",61.39766666666667
A,2,"[2016-10-21 09:20:00,2016-10-21 09:40:00)",62.79766666666667
A,2,"[2016-10-21 09:40:00,2016-10-21 10:00:00)",67.58433333333333
A,2,"[2016-10-22 08:00:00,2016-10-22 08:20:00)",72.30066666666667
A,2,"[2016-10-22 08:20:00,2016-10-22 08:40:00)",78.304
A,2,"[2016-10-22 08:40:00,2016-10-22 09:00:00)",75.51366666666668
A,2,"[2016-10-22 09:00:00,2016-10-22 09:20:00)",85.35966666666667
A,2,"[2016-10-22 09:20:00,2016-10-22 09:40:00)",69.19766666666665
A,2,"[2016-10-22 09:40:00,2016-10-22 10:00:00)",78.616
A,2,"[2016-10-23 08:00:00,2016-10-23 08:20:00)",74.33566666666665
A,2,"[2016-10-23 08:20:00,2016-10-23 08:40:00)",70.56500000000001
A,2,"[2016-10-23 08:40:00,2016-10-23 09:00:00)",76.61399999999999
A,2,"[2016-10-23 09:00:00,2016-10-23 09:20:00)",68.90999999999998
A,2,"[2016-10-23 09:20:00,2016-10-23 09:40:00)",73.531
A,2,"[2016-10-23 09:40:00,2016-10-23 10:00:00)",75.09600000000002
A,2,"[2016-10-24 08:00:00,2016-10-24 08:20:00)",80.90033333333334
A,2,"[2016-10-24 08:20:00,2016-10-24 08:40:00)",81.50333333333333
A,2,"[2016-10-24 08:40:00,2016-10-24 09:00:00)",69.10966666666667
A,2,"[2016-10-24 09:00:00,2016-10-24 09:20:00)",71.82099999999998
A,2,"[2016-10-24 09:20:00,2016-10-24 09:40:00)",72.52433333333335
A,2,"[2016-10-24 09:40:00,2016-10-24 10:00:00)",80.52366666666667
A,3,"[2016-10-18 08:00:00,2016-10-18 08:20:00)",106.50266666666666
A,3,"[2016-10-18 08:20:00,2016-10-18 08:40:00)",118.36866666666666
A,3,"[2016-10-18 08:40:00,2016-10-18 09:00:00)",154.4286666666667
A,3,"[2016-10-18 09:00:00,2016-10-18 09:20:00)",155.28366666666665
A,3,"[2016-10-18 09:20:00,2016-10-18 09:40:00)",167.74266666666665
A,3,"[2016-10-18 09:40:00,2016-10-18 10:00:00)",148.12966666666668
A,3,"[2016-10-19 08:00:00,2016-10-19 08:20:00)",132.428
A,3,"[2016-10-19 08:20:00,2016-10-19 08:40:00)",164.07899999999998
A,3,"[2016-10-19 08:40:00,2016-10-19 09:00:00)",193.44400000000002
A,3,"[2016-10-19 09:00:00,2016-10-19 09:20:00)",128.26399999999998
A,3,"[2016-10-19 09:20:00,2016-10-19 09:40:00)",165.71699999999996
A,3,"[2016-10-19 09:40:00,2016-10-19 10:00:00)",117.38300000000001
A,3,"[2016-10-20 08:00:00,2016-10-20 08:20:00)",131.16933333333336
A,3,"[2016-10-20 08:20:00,2016-10-20 08:40:00)",139.24033333333333
A,3,"[2016-10-20 08:40:00,2016-10-20 09:00:00)",173.3066666666667
A,3,"[2016-10-20 09:00:00,2016-10-20 09:20:00)",113.88533333333332
A,3,"[2016-10-20 09:20:00,2016-10-20 09:40:00)",141.48
A,3,"[2016-10-20 09:40:00,2016-10-20 10:00:00)",137.65400000000002
A,3,"[2016-10-21 08:00:00,2016-10-21 08:20:00)",138.38700000000006
A,3,"[2016-10-21 08:20:00,2016-10-21 08:40:00)",171.4146666666666
A,3,"[2016-10-21 08:40:00,2016-10-21 09:00:00)",172.62199999999996
A,3,"[2016-10-21 09:00:00,2016-10-21 09:20:00)",140.36933333333337
A,3,"[2016-10-21 09:20:00,2016-10-21 09:40:00)",169.2553333333333
A,3,"[2016-10-21 09:40:00,2016-10-21 10:00:00)",151.68533333333338
A,3,"[2016-10-22 08:00:00,2016-10-22 08:20:00)",138.12733333333333
A,3,"[2016-10-22 08:20:00,2016-10-22 08:40:00)",190.68499999999995
A,3,"[2016-10-22 08:40:00,2016-10-22 09:00:00)",162.48366666666664
A,3,"[2016-10-22 09:00:00,2016-10-22 09:20:00)",165.15900000000005
A,3,"[2016-10-22 09:20:00,2016-10-22 09:40:00)",193.32799999999997
A,3,"[2016-10-22 09:40:00,2016-10-22 10:00:00)",138.17733333333337
A,3,"[2016-10-23 08:00:00,2016-10-23 08:20:00)",128.15233333333336
A,3,"[2016-10-23 08:20:00,2016-10-23 08:40:00)",141.82966666666667
A,3,"[2016-10-23 08:40:00,2016-10-23 09:00:00)",223.89966666666672
A,3,"[2016-10-23 09:00:00,2016-10-23 09:20:00)",131.35333333333335
A,3,"[2016-10-23 09:20:00,2016-10-23 09:40:00)",119.58866666666667
A,3,"[2016-10-23 09:40:00,2016-10-23 10:00:00)",138.4503333333333
A,3,"[2016-10-24 08:00:00,2016-10-24 08:20:00)",132.45466666666664
A,3,"[2016-10-24 08:20:00,2016-10-24 08:40:00)",122.8423333333333
A,3,"[2016-10-24 08:40:00,2016-10-24 09:00:00)",137.47666666666666
A,3,"[2016-10-24 09:00:00,2016-10-24 09:20:00)",114.86833333333334
A,3,"[2016-10-24 09:20:00,2016-10-24 09:40:00)",135.68966666666662
A,3,"[2016-10-24 09:40:00,2016-10-24 10:00:00)",160.51600000000002
B,1,"[2016-10-18 08:00:00,2016-10-18 08:20:00)",116.36233333333332
B,1,"[2016-10-18 08:20:00,2016-10-18 08:40:00)",112.83633333333334
B,1,"[2016-10-18 08:40:00,2016-10-18 09:00:00)",118.72033333333334
B,1,"[2016-10-18 09:00:00,2016-10-18 09:20:00)",142.511
B,1,"[2016-10-18 09:20:00,2016-10-18 09:40:00)",137.96866666666665
B,1,"[2016-10-18 09:40:00,2016-10-18 10:00:00)",121.40866666666665
B,1,"[2016-10-19 08:00:00,2016-10-19 08:20:00)",123.89833333333334
B,1,"[2016-10-19 08:20:00,2016-10-19 08:40:00)",126.00366666666666
B,1,"[2016-10-19 08:40:00,2016-10-19 09:00:00)",122.00966666666667
B,1,"[2016-10-19 09:00:00,2016-10-19 09:20:00)",120.59866666666667
B,1,"[2016-10-19 09:20:00,2016-10-19 09:40:00)",138.20433333333332
B,1,"[2016-10-19 09:40:00,2016-10-19 10:00:00)",132.59733333333332
B,1,"[2016-10-20 08:00:00,2016-10-20 08:20:00)",115.82999999999998
B,1,"[2016-10-20 08:20:00,2016-10-20 08:40:00)",115.62899999999999
B,1,"[2016-10-20 08:40:00,2016-10-20 09:00:00)",120.01866666666668
B,1,"[2016-10-20 09:00:00,2016-10-20 09:20:00)",108.93400000000001
B,1,"[2016-10-20 09:20:00,2016-10-20 09:40:00)",161.38166666666666
B,1,"[2016-10-20 09:40:00,2016-10-20 10:00:00)",109.961
B,1,"[2016-10-21 08:00:00,2016-10-21 08:20:00)",134.18166666666664
B,1,"[2016-10-21 08:20:00,2016-10-21 08:40:00)",140.01966666666667
B,1,"[2016-10-21 08:40:00,2016-10-21 09:00:00)",132.88766666666666
B,1,"[2016-10-21 09:00:00,2016-10-21 09:20:00)",139.20033333333333
B,1,"[2016-10-21 09:20:00,2016-10-21 09:40:00)",156.93999999999997
B,1,"[2016-10-21 09:40:00,2016-10-21 10:00:00)",148.89133333333336
B,1,"[2016-10-22 08:00:00,2016-10-22 08:20:00)",132.417
B,1,"[2016-10-22 08:20:00,2016-10-22 08:40:00)",128.39799999999997
B,1,"[2016-10-22 08:40:00,2016-10-22 09:00:00)",149.568
B,1,"[2016-10-22 09:00:00,2016-10-22 09:20:00)",161.31433333333337
B,1,"[2016-10-22 09:20:00,2016-10-22 09:40:00)",165.2266666666666
B,1,"[2016-10-22 09:40:00,2016-10-22 10:00:00)",130.93633333333332
B,1,"[2016-10-23 08:00:00,2016-10-23 08:20:00)",116.78299999999997
B,1,"[2016-10-23 08:20:00,2016-10-23 08:40:00)",110.77333333333331
B,1,"[2016-10-23 08:40:00,2016-10-23 09:00:00)",128.207
B,1,"[2016-10-23 09:00:00,2016-10-23 09:20:00)",118.68733333333334
B,1,"[2016-10-23 09:20:00,2016-10-23 09:40:00)",114.64766666666668
B,1,"[2016-10-23 09:40:00,2016-10-23 10:00:00)",136.23366666666664
B,1,"[2016-10-24 08:00:00,2016-10-24 08:20:00)",112.35566666666668
B,1,"[2016-10-24 08:20:00,2016-10-24 08:40:00)",116.03433333333334
B,1,"[2016-10-24 08:40:00,2016-10-24 09:00:00)",119.46266666666666
B,1,"[2016-10-24 09:00:00,2016-10-24 09:20:00)",106.17266666666666
B,1,"[2016-10-24 09:20:00,2016-10-24 09:40:00)",127.03400000000003
B,1,"[2016-10-24 09:40:00,2016-10-24 10:00:00)",127.24366666666667
B,3,"[2016-10-18 08:00:00,2016-10-18 08:20:00)",111.08599999999998
B,3,"[2016-10-18 08:20:00,2016-10-18 08:40:00)",112.07933333333332
B,3,"[2016-10-18 08:40:00,2016-10-18 09:00:00)",104.38333333333331
B,3,"[2016-10-18 09:00:00,2016-10-18 09:20:00)",115.02300000000001
B,3,"[2016-10-18 09:20:00,2016-10-18 09:40:00)",116.49566666666666
B,3,"[2016-10-18 09:40:00,2016-10-18 10:00:00)",118.70733333333334
B,3,"[2016-10-19 08:00:00,2016-10-19 08:20:00)",90.69766666666668
B,3,"[2016-10-19 08:20:00,2016-10-19 08:40:00)",97.025
B,3,"[2016-10-19 08:40:00,2016-10-19 09:00:00)",111.04766666666669
B,3,"[2016-10-19 09:00:00,2016-10-19 09:20:00)",105.86166666666666
B,3,"[2016-10-19 09:20:00,2016-10-19 09:40:00)",106.07866666666668
B,3,"[2016-10-19 09:40:00,2016-10-19 10:00:00)",101.19700000000002
B,3,"[2016-10-20 08:00:00,2016-10-20 08:20:00)",102.45566666666667
B,3,"[2016-10-20 08:20:00,2016-10-20 08:40:00)",99.46833333333333
B,3,"[2016-10-20 08:40:00,2016-10-20 09:00:00)",103.521
B,3,"[2016-10-20 09:00:00,2016-10-20 09:20:00)",97.30133333333336
B,3,"[2016-10-20 09:20:00,2016-10-20 09:40:00)",114.32033333333335
B,3,"[2016-10-20 09:40:00,2016-10-20 10:00:00)",98.19500000000001
B,3,"[2016-10-21 08:00:00,2016-10-21 08:20:00)",102.87466666666667
B,3,"[2016-10-21 08:20:00,2016-10-21 08:40:00)",115.30400000000002
B,3,"[2016-10-21 08:40:00,2016-10-21 09:00:00)",134.98266666666666
B,3,"[2016-10-21 09:00:00,2016-10-21 09:20:00)",103.221
B,3,"[2016-10-21 09:20:00,2016-10-21 09:40:00)",107.50100000000002
B,3,"[2016-10-21 09:40:00,2016-10-21 10:00:00)",103.68000000000002
B,3,"[2016-10-22 08:00:00,2016-10-22 08:20:00)",111.10700000000001
B,3,"[2016-10-22 08:20:00,2016-10-22 08:40:00)",111.56733333333335
B,3,"[2016-10-22 08:40:00,2016-10-22 09:00:00)",123.78233333333334
B,3,"[2016-10-22 09:00:00,2016-10-22 09:20:00)",137.58066666666667
B,3,"[2016-10-22 09:20:00,2016-10-22 09:40:00)",130.00033333333332
B,3,"[2016-10-22 09:40:00,2016-10-22 10:00:00)",129.38366666666667
B,3,"[2016-10-23 08:00:00,2016-10-23 08:20:00)",88.65766666666667
B,3,"[2016-10-23 08:20:00,2016-10-23 08:40:00)",86.78566666666664
B,3,"[2016-10-23 08:40:00,2016-10-23 09:00:00)",88.35033333333332
B,3,"[2016-10-23 09:00:00,2016-10-23 09:20:00)",98.53099999999999
B,3,"[2016-10-23 09:20:00,2016-10-23 09:40:00)",115.29699999999998
B,3,"[2016-10-23 09:40:00,2016-10-23 10:00:00)",102.99566666666665
B,3,"[2016-10-24 08:00:00,2016-10-24 08:20:00)",101.13066666666666
B,3,"[2016-10-24 08:20:00,2016-10-24 08:40:00)",106.90333333333332
B,3,"[2016-10-24 08:40:00,2016-10-24 09:00:00)",97.45433333333334
B,3,"[2016-10-24 09:00:00,2016-10-24 09:20:00)",93.56466666666668
B,3,"[2016-10-24 09:20:00,2016-10-24 09:40:00)",103.71833333333332
B,3,"[2016-10-24 09:40:00,2016-10-24 10:00:00)",102.00666666666666
C,1,"[2016-10-18 08:00:00,2016-10-18 08:20:00)",166.38266666666667
C,1,"[2016-10-18 08:20:00,2016-10-18 08:40:00)",165.80900000000003
C,1,"[2016-10-18 08:40:00,2016-10-18 09:00:00)",166.92733333333337
C,1,"[2016-10-18 09:00:00,2016-10-18 09:20:00)",169.4886666666667
C,1,"[2016-10-18 09:20:00,2016-10-18 09:40:00)",170.258
C,1,"[2016-10-18 09:40:00,2016-10-18 10:00:00)",176.07200000000003
C,1,"[2016-10-19 08:00:00,2016-10-19 08:20:00)",171.35666666666668
C,1,"[2016-10-19 08:20:00,2016-10-19 08:40:00)",162.08866666666665
C,1,"[2016-10-19 08:40:00,2016-10-19 09:00:00)",171.507
C,1,"[2016-10-19 09:00:00,2016-10-19 09:20:00)",177.13966666666667
C,1,"[2016-10-19 09:20:00,2016-10-19 09:40:00)",173.0393333333333
C,1,"[2016-10-19 09:40:00,2016-10-19 10:00:00)",178.45066666666668
C,1,"[2016-10-20 08:00:00,2016-10-20 08:20:00)",171.3396666666667
C,1,"[2016-10-20 08:20:00,2016-10-20 08:40:00)",163.95066666666665
C,1,"[2016-10-20 08:40:00,2016-10-20 09:00:00)",170.056
C,1,"[2016-10-20 09:00:00,2016-10-20 09:20:00)",169.57666666666668
C,1,"[2016-10-20 09:20:00,2016-10-20 09:40:00)",170.5166666666667
C,1,"[2016-10-20 09:40:00,2016-10-20 10:00:00)",178.1526666666667
C,1,"[2016-10-21 08:00:00,2016-10-21 08:20:00)",195.53533333333337
C,1,"[2016-10-21 08:20:00,2016-10-21 08:40:00)",185.40000000000003
C,1,"[2016-10-21 08:40:00,2016-10-21 09:00:00)",186.83366666666672
C,1,"[2016-10-21 09:00:00,2016-10-21 09:20:00)",186.87500000000003
C,1,"[2016-10-21 09:20:00,2016-10-21 09:40:00)",181.05
C,1,"[2016-10-21 09:40:00,2016-10-21 10:00:00)",195.941
C,1,"[2016-10-22 08:00:00,2016-10-22 08:20:00)",345.01833333333343
C,1,"[2016-10-22 08:20:00,2016-10-22 08:40:00)",346.87966666666676
C,1,"[2016-10-22 08:40:00,2016-10-22 09:00:00)",345.32866666666683
C,1,"[2016-10-22 09:00:00,2016-10-22 09:20:00)",489.0773333333335
C,1,"[2016-10-22 09:20:00,2016-10-22 09:40:00)",488.76833333333354
C,1,"[2016-10-22 09:40:00,2016-10-22 10:00:00)",488.76833333333354
C,1,"[2016-10-23 08:00:00,2016-10-23 08:20:00)",179.55466666666672
C,1,"[2016-10-23 08:20:00,2016-10-23 08:40:00)",179.85533333333336
C,1,"[2016-10-23 08:40:00,2016-10-23 09:00:00)",185.0956666666667
C,1,"[2016-10-23 09:00:00,2016-10-23 09:20:00)",199.59633333333338
C,1,"[2016-10-23 09:20:00,2016-10-23 09:40:00)",202.23933333333338
C,1,"[2016-10-23 09:40:00,2016-10-23 10:00:00)",204.87466666666668
C,1,"[2016-10-24 08:00:00,2016-10-24 08:20:00)",166.405
C,1,"[2016-10-24 08:20:00,2016-10-24 08:40:00)",174.72400000000002
C,1,"[2016-10-24 08:40:00,2016-10-24 09:00:00)",165.56433333333334
C,1,"[2016-10-24 09:00:00,2016-10-24 09:20:00)",162.374
C,1,"[2016-10-24 09:20:00,2016-10-24 09:40:00)",173.17000000000002
C,1,"[2016-10-24 09:40:00,2016-10-24 10:00:00)",196.73600000000002
C,3,"[2016-10-18 08:00:00,2016-10-18 08:20:00)",171.33033333333336
C,3,"[2016-10-18 08:20:00,2016-10-18 08:40:00)",146.98166666666665
C,3,"[2016-10-18 08:40:00,2016-10-18 09:00:00)",165.36399999999998
C,3,"[2016-10-18 09:00:00,2016-10-18 09:20:00)",162.88499999999996
C,3,"[2016-10-18 09:20:00,2016-10-18 09:40:00)",166.2543333333333
C,3,"[2016-10-18 09:40:00,2016-10-18 10:00:00)",167.545
C,3,"[2016-10-19 08:00:00,2016-10-19 08:20:00)",177.31133333333338
C,3,"[2016-10-19 08:20:00,2016-10-19 08:40:00)",161.88766666666663
C,3,"[2016-10-19 08:40:00,2016-10-19 09:00:00)",165.88366666666664
C,3,"[2016-10-19 09:00:00,2016-10-19 09:20:00)",179.30366666666666
C,3,"[2016-10-19 09:20:00,2016-10-19 09:40:00)",177.23933333333332
C,3,"[2016-10-19 09:40:00,2016-10-19 10:00:00)",182.13433333333333
C,3,"[2016-10-20 08:00:00,2016-10-20 08:20:00)",177.37133333333335
C,3,"[2016-10-20 08:20:00,2016-10-20 08:40:00)",168.25066666666666
C,3,"[2016-10-20 08:40:00,2016-10-20 09:00:00)",167.11533333333333
C,3,"[2016-10-20 09:00:00,2016-10-20 09:20:00)",174.56933333333336
C,3,"[2016-10-20 09:20:00,2016-10-20 09:40:00)",175.39033333333333
C,3,"[2016-10-20 09:40:00,2016-10-20 10:00:00)",188.69933333333336
C,3,"[2016-10-21 08:00:00,2016-10-21 08:20:00)",195.8476666666667
C,3,"[2016-10-21 08:20:00,2016-10-21 08:40:00)",188.36466666666672
C,3,"[2016-10-21 08:40:00,2016-10-21 09:00:00)",185.5043333333334
C,3,"[2016-10-21 09:00:00,2016-10-21 09:20:00)",168.4073333333334
C,3,"[2016-10-21 09:20:00,2016-10-21 09:40:00)",173.111
C,3,"[2016-10-21 09:40:00,2016-10-21 10:00:00)",183.45700000000002
C,3,"[2016-10-22 08:00:00,2016-10-22 08:20:00)",310.333
C,3,"[2016-10-22 08:20:00,2016-10-22 08:40:00)",311.40000000000003
C,3,"[2016-10-22 08:40:00,2016-10-22 09:00:00)",308.40366666666677
C,3,"[2016-10-22 09:00:00,2016-10-22 09:20:00)",401.9870000000001
C,3,"[2016-10-22 09:20:00,2016-10-22 09:40:00)",401.9870000000001
C,3,"[2016-10-22 09:40:00,2016-10-22 10:00:00)",401.9870000000001
C,3,"[2016-10-23 08:00:00,2016-10-23 08:20:00)",173.23933333333338
C,3,"[2016-10-23 08:20:00,2016-10-23 08:40:00)",167.50600000000003
C,3,"[2016-10-23 08:40:00,2016-10-23 09:00:00)",161.08933333333337
C,3,"[2016-10-23 09:00:00,2016-10-23 09:20:00)",198.1166666666667
C,3,"[2016-10-23 09:20:00,2016-10-23 09:40:00)",200.43533333333338
C,3,"[2016-10-23 09:40:00,2016-10-23 10:00:00)",211.93266666666668
C,3,"[2016-10-24 08:00:00,2016-10-24 08:20:00)",165.54100000000005
C,3,"[2016-10-24 08:20:00,2016-10-24 08:40:00)",155.29633333333334
C,3,"[2016-10-24 08:40:00,2016-10-24 09:00:00)",158.7533333333333
C,3,"[2016-10-24 09:00:00,2016-10-24 09:20:00)",167.87033333333332
C,3,"[2016-10-24 09:20:00,2016-10-24 09:40:00)",178.2573333333333
C,3,"[2016-10-24 09:40:00,2016-10-24 10:00:00)",186.032
A,2,"[2016-10-18 17:00:00,2016-10-18 17:20:00)",74.05466666666668
A,2,"[2016-10-18 17:20:00,2016-10-18 17:40:00)",64.49666666666666
A,2,"[2016-10-18 17:40:00,2016-10-18 18:00:00)",67.10966666666668
A,2,"[2016-10-18 18:00:00,2016-10-18 18:20:00)",79.89800000000001
A,2,"[2016-10-18 18:20:00,2016-10-18 18:40:00)",69.818
A,2,"[2016-10-18 18:40:00,2016-10-18 19:00:00)",71.93766666666667
A,2,"[2016-10-19 17:00:00,2016-10-19 17:20:00)",75.32133333333334
A,2,"[2016-10-19 17:20:00,2016-10-19 17:40:00)",73.30133333333335
A,2,"[2016-10-19 17:40:00,2016-10-19 18:00:00)",75.32666666666665
A,2,"[2016-10-19 18:00:00,2016-10-19 18:20:00)",70.00033333333332
A,2,"[2016-10-19 18:20:00,2016-10-19 18:40:00)",62.51233333333333
A,2,"[2016-10-19 18:40:00,2016-10-19 19:00:00)",69.78500000000001
A,2,"[2016-10-20 17:00:00,2016-10-20 17:20:00)",74.61200000000001
A,2,"[2016-10-20 17:20:00,2016-10-20 17:40:00)",68.37966666666667
A,2,"[2016-10-20 17:40:00,2016-10-20 18:00:00)",66.19566666666667
A,2,"[2016-10-20 18:00:00,2016-10-20 18:20:00)",66.83900000000001
A,2,"[2016-10-20 18:20:00,2016-10-20 18:40:00)",61.69833333333334
A,2,"[2016-10-20 18:40:00,2016-10-20 19:00:00)",67.95266666666667
A,2,"[2016-10-21 17:00:00,2016-10-21 17:20:00)",85.788
A,2,"[2016-10-21 17:20:00,2016-10-21 17:40:00)",65.569
A,2,"[2016-10-21 17:40:00,2016-10-21 18:00:00)",58.29366666666665
A,2,"[2016-10-21 18:00:00,2016-10-21 18:20:00)",75.26366666666668
A,2,"[2016-10-21 18:20:00,2016-10-21 18:40:00)",60.31666666666668
A,2,"[2016-10-21 18:40:00,2016-10-21 19:00:00)",63.70066666666669
A,2,"[2016-10-22 17:00:00,2016-10-22 17:20:00)",67.419
A,2,"[2016-10-22 17:20:00,2016-10-22 17:40:00)",67.50133333333333
A,2,"[2016-10-22 17:40:00,2016-10-22 18:00:00)",63.81499999999999
A,2,"[2016-10-22 18:00:00,2016-10-22 18:20:00)",67.04833333333335
A,2,"[2016-10-22 18:20:00,2016-10-22 18:40:00)",61.54333333333334
A,2,"[2016-10-22 18:40:00,2016-10-22 19:00:00)",62.33333333333334
A,2,"[2016-10-23 17:00:00,2016-10-23 17:20:00)",78.31166666666667
A,2,"[2016-10-23 17:20:00,2016-10-23 17:40:00)",66.70766666666665
A,2,"[2016-10-23 17:40:00,2016-10-23 18:00:00)",64.497
A,2,"[2016-10-23 18:00:00,2016-10-23 18:20:00)",75.89666666666668
A,2,"[2016-10-23 18:20:00,2016-10-23 18:40:00)",61.032
A,2,"[2016-10-23 18:40:00,2016-10-23 19:00:00)",66.21366666666667
A,2,"[2016-10-24 17:00:00,2016-10-24 17:20:00)",70.73366666666669
A,2,"[2016-10-24 17:20:00,2016-10-24 17:40:00)",61.66833333333334
A,2,"[2016-10-24 17:40:00,2016-10-24 18:00:00)",64.75733333333336
A,2,"[2016-10-24 18:00:00,2016-10-24 18:20:00)",60.21099999999999
A,2,"[2016-10-24 18:20:00,2016-10-24 18:40:00)",59.864
A,2,"[2016-10-24 18:40:00,2016-10-24 19:00:00)",67.88933333333333
A,3,"[2016-10-18 17:00:00,2016-10-18 17:20:00)",146.00633333333332
A,3,"[2016-10-18 17:20:00,2016-10-18 17:40:00)",143.259
A,3,"[2016-10-18 17:40:00,2016-10-18 18:00:00)",145.24400000000003
A,3,"[2016-10-18 18:00:00,2016-10-18 18:20:00)",98.21133333333333
A,3,"[2016-10-18 18:20:00,2016-10-18 18:40:00)",103.55766666666665
A,3,"[2016-10-18 18:40:00,2016-10-18 19:00:00)",202.9966666666667
A,3,"[2016-10-19 17:00:00,2016-10-19 17:20:00)",111.60033333333335
A,3,"[2016-10-19 17:20:00,2016-10-19 17:40:00)",110.57566666666665
A,3,"[2016-10-19 17:40:00,2016-10-19 18:00:00)",120.97966666666669
A,3,"[2016-10-19 18:00:00,2016-10-19 18:20:00)",120.76233333333333
A,3,"[2016-10-19 18:20:00,2016-10-19 18:40:00)",122.90800000000004
A,3,"[2016-10-19 18:40:00,2016-10-19 19:00:00)",179.1453333333333
A,3,"[2016-10-20 17:00:00,2016-10-20 17:20:00)",113.79466666666666
A,3,"[2016-10-20 17:20:00,2016-10-20 17:40:00)",112.62999999999998
A,3,"[2016-10-20 17:40:00,2016-10-20 18:00:00)",119.13066666666667
A,3,"[2016-10-20 18:00:00,2016-10-20 18:20:00)",105.63100000000001
A,3,"[2016-10-20 18:20:00,2016-10-20 18:40:00)",108.66533333333334
A,3,"[2016-10-20 18:40:00,2016-10-20 19:00:00)",117.26099999999998
A,3,"[2016-10-21 17:00:00,2016-10-21 17:20:00)",114.86033333333334
A,3,"[2016-10-21 17:20:00,2016-10-21 17:40:00)",121.36766666666668
A,3,"[2016-10-21 17:40:00,2016-10-21 18:00:00)",121.53500000000003
A,3,"[2016-10-21 18:00:00,2016-10-21 18:20:00)",117.91433333333335
A,3,"[2016-10-21 18:20:00,2016-10-21 18:40:00)",116.68833333333333
A,3,"[2016-10-21 18:40:00,2016-10-21 19:00:00)",160.70533333333333
A,3,"[2016-10-22 17:00:00,2016-10-22 17:20:00)",114.062
A,3,"[2016-10-22 17:20:00,2016-10-22 17:40:00)",115.28766666666667
A,3,"[2016-10-22 17:40:00,2016-10-22 18:00:00)",118.27733333333336
A,3,"[2016-10-22 18:00:00,2016-10-22 18:20:00)",108.157
A,3,"[2016-10-22 18:20:00,2016-10-22 18:40:00)",105.10700000000001
A,3,"[2016-10-22 18:40:00,2016-10-22 19:00:00)",152.26399999999998
A,3,"[2016-10-23 17:00:00,2016-10-23 17:20:00)",110.26766666666668
A,3,"[2016-10-23 17:20:00,2016-10-23 17:40:00)",116.88533333333334
A,3,"[2016-10-23 17:40:00,2016-10-23 18:00:00)",112.70900000000003
A,3,"[2016-10-23 18:00:00,2016-10-23 18:20:00)",115.13866666666668
A,3,"[2016-10-23 18:20:00,2016-10-23 18:40:00)",102.01199999999999
A,3,"[2016-10-23 18:40:00,2016-10-23 19:00:00)",137.52166666666665
A,3,"[2016-10-24 17:00:00,2016-10-24 17:20:00)",112.91400000000003
A,3,"[2016-10-24 17:20:00,2016-10-24 17:40:00)",122.23633333333333
A,3,"[2016-10-24 17:40:00,2016-10-24 18:00:00)",108.34366666666669
A,3,"[2016-10-24 18:00:00,2016-10-24 18:20:00)",114.93733333333334
A,3,"[2016-10-24 18:20:00,2016-10-24 18:40:00)",112.13900000000004
A,3,"[2016-10-24 18:40:00,2016-10-24 19:00:00)",122.58333333333334
B,1,"[2016-10-18 17:00:00,2016-10-18 17:20:00)",145.0033333333333
B,1,"[2016-10-18 17:20:00,2016-10-18 17:40:00)",145.91699999999997
B,1,"[2016-10-18 17:40:00,2016-10-18 18:00:00)",173.32799999999997
B,1,"[2016-10-18 18:00:00,2016-10-18 18:20:00)",148.03266666666661
B,1,"[2016-10-18 18:20:00,2016-10-18 18:40:00)",181.31033333333335
B,1,"[2016-10-18 18:40:00,2016-10-18 19:00:00)",172.47966666666665
B,1,"[2016-10-19 17:00:00,2016-10-19 17:20:00)",129.30733333333336
B,1,"[2016-10-19 17:20:00,2016-10-19 17:40:00)",144.66133333333332
B,1,"[2016-10-19 17:40:00,2016-10-19 18:00:00)",187.89800000000002
B,1,"[2016-10-19 18:00:00,2016-10-19 18:20:00)",156.965
B,1,"[2016-10-19 18:20:00,2016-10-19 18:40:00)",187.58233333333334
B,1,"[2016-10-19 18:40:00,2016-10-19 19:00:00)",187.60433333333327
B,1,"[2016-10-20 17:00:00,2016-10-20 17:20:00)",134.6993333333333
B,1,"[2016-10-20 17:20:00,2016-10-20 17:40:00)",149.52533333333335
B,1,"[2016-10-20 17:40:00,2016-10-20 18:00:00)",171.71700000000004
B,1,"[2016-10-20 18:00:00,2016-10-20 18:20:00)",159.2943333333333
B,1,"[2016-10-20 18:20:00,2016-10-20 18:40:00)",118.26833333333335
B,1,"[2016-10-20 18:40:00,2016-10-20 19:00:00)",130.734
B,1,"[2016-10-21 17:00:00,2016-10-21 17:20:00)",139.804
B,1,"[2016-10-21 17:20:00,2016-10-21 17:40:00)",145.59233333333336
B,1,"[2016-10-21 17:40:00,2016-10-21 18:00:00)",159.14033333333336
B,1,"[2016-10-21 18:00:00,2016-10-21 18:20:00)",157.97566666666668
B,1,"[2016-10-21 18:20:00,2016-10-21 18:40:00)",170.26466666666673
B,1,"[2016-10-21 18:40:00,2016-10-21 19:00:00)",208.32799999999995
B,1,"[2016-10-22 17:00:00,2016-10-22 17:20:00)",141.1083333333333
B,1,"[2016-10-22 17:20:00,2016-10-22 17:40:00)",134.41633333333328
B,1,"[2016-10-22 17:40:00,2016-10-22 18:00:00)",151.70566666666667
B,1,"[2016-10-22 18:00:00,2016-10-22 18:20:00)",127.56133333333335
B,1,"[2016-10-22 18:20:00,2016-10-22 18:40:00)",133.237
B,1,"[2016-10-22 18:40:00,2016-10-22 19:00:00)",155.23999999999998
B,1,"[2016-10-23 17:00:00,2016-10-23 17:20:00)",136.84233333333333
B,1,"[2016-10-23 17:20:00,2016-10-23 17:40:00)",246.86866666666666
B,1,"[2016-10-23 17:40:00,2016-10-23 18:00:00)",159.38066666666666
B,1,"[2016-10-23 18:00:00,2016-10-23 18:20:00)",138.26933333333332
B,1,"[2016-10-23 18:20:00,2016-10-23 18:40:00)",147.19566666666665
B,1,"[2016-10-23 18:40:00,2016-10-23 19:00:00)",143.59499999999997
B,1,"[2016-10-24 17:00:00,2016-10-24 17:20:00)",122.42633333333335
B,1,"[2016-10-24 17:20:00,2016-10-24 17:40:00)",136.69400000000005
B,1,"[2016-10-24 17:40:00,2016-10-24 18:00:00)",134.24900000000005
B,1,"[2016-10-24 18:00:00,2016-10-24 18:20:00)",116.94733333333336
B,1,"[2016-10-24 18:20:00,2016-10-24 18:40:00)",126.70766666666667
B,1,"[2016-10-24 18:40:00,2016-10-24 19:00:00)",148.27466666666666
B,3,"[2016-10-18 17:00:00,2016-10-18 17:20:00)",104.49733333333334
B,3,"[2016-10-18 17:20:00,2016-10-18 17:40:00)",100.74766666666667
B,3,"[2016-10-18 17:40:00,2016-10-18 18:00:00)",103.87533333333337
B,3,"[2016-10-18 18:00:00,2016-10-18 18:20:00)",106.38033333333331
B,3,"[2016-10-18 18:20:00,2016-10-18 18:40:00)",135.43366666666662
B,3,"[2016-10-18 18:40:00,2016-10-18 19:00:00)",114.91033333333334
B,3,"[2016-10-19 17:00:00,2016-10-19 17:20:00)",103.66766666666669
B,3,"[2016-10-19 17:20:00,2016-10-19 17:40:00)",99.14766666666667
B,3,"[2016-10-19 17:40:00,2016-10-19 18:00:00)",101.01233333333333
B,3,"[2016-10-19 18:00:00,2016-10-19 18:20:00)",102.35600000000001
B,3,"[2016-10-19 18:20:00,2016-10-19 18:40:00)",183.9206666666667
B,3,"[2016-10-19 18:40:00,2016-10-19 19:00:00)",119.3456666666667
B,3,"[2016-10-20 17:00:00,2016-10-20 17:20:00)",116.82666666666667
B,3,"[2016-10-20 17:20:00,2016-10-20 17:40:00)",120.41033333333334
B,3,"[2016-10-20 17:40:00,2016-10-20 18:00:00)",109.6416666666667
B,3,"[2016-10-20 18:00:00,2016-10-20 18:20:00)",106.27666666666669
B,3,"[2016-10-20 18:20:00,2016-10-20 18:40:00)",101.68166666666666
B,3,"[2016-10-20 18:40:00,2016-10-20 19:00:00)",100.114
B,3,"[2016-10-21 17:00:00,2016-10-21 17:20:00)",108.71066666666667
B,3,"[2016-10-21 17:20:00,2016-10-21 17:40:00)",103.80033333333333
B,3,"[2016-10-21 17:40:00,2016-10-21 18:00:00)",111.12000000000003
B,3,"[2016-10-21 18:00:00,2016-10-21 18:20:00)",110.09166666666667
B,3,"[2016-10-21 18:20:00,2016-10-21 18:40:00)",292.09366666666676
B,3,"[2016-10-21 18:40:00,2016-10-21 19:00:00)",127.1593333333333
B,3,"[2016-10-22 17:00:00,2016-10-22 17:20:00)",102.41333333333331
B,3,"[2016-10-22 17:20:00,2016-10-22 17:40:00)",96.81966666666663
B,3,"[2016-10-22 17:40:00,2016-10-22 18:00:00)",98.36133333333332
B,3,"[2016-10-22 18:00:00,2016-10-22 18:20:00)",105.38033333333335
B,3,"[2016-10-22 18:20:00,2016-10-22 18:40:00)",96.01766666666666
B,3,"[2016-10-22 18:40:00,2016-10-22 19:00:00)",101.0256666666667
B,3,"[2016-10-23 17:00:00,2016-10-23 17:20:00)",95.83866666666668
B,3,"[2016-10-23 17:20:00,2016-10-23 17:40:00)",97.57233333333333
B,3,"[2016-10-23 17:40:00,2016-10-23 18:00:00)",101.94500000000001
B,3,"[2016-10-23 18:00:00,2016-10-23 18:20:00)",106.15033333333332
B,3,"[2016-10-23 18:20:00,2016-10-23 18:40:00)",103.65799999999997
B,3,"[2016-10-23 18:40:00,2016-10-23 19:00:00)",98.44333333333333
B,3,"[2016-10-24 17:00:00,2016-10-24 17:20:00)",96.36399999999998
B,3,"[2016-10-24 17:20:00,2016-10-24 17:40:00)",91.72966666666665
B,3,"[2016-10-24 17:40:00,2016-10-24 18:00:00)",93.54666666666665
B,3,"[2016-10-24 18:00:00,2016-10-24 18:20:00)",87.31266666666664
B,3,"[2016-10-24 18:20:00,2016-10-24 18:40:00)",84.12066666666665
B,3,"[2016-10-24 18:40:00,2016-10-24 19:00:00)",103.475
C,1,"[2016-10-18 17:00:00,2016-10-18 17:20:00)",176.69466666666665
C,1,"[2016-10-18 17:20:00,2016-10-18 17:40:00)",185.8656666666667
C,1,"[2016-10-18 17:40:00,2016-10-18 18:00:00)",195.70166666666668
C,1,"[2016-10-18 18:00:00,2016-10-18 18:20:00)",211.54433333333338
C,1,"[2016-10-18 18:20:00,2016-10-18 18:40:00)",214.05666666666673
C,1,"[2016-10-18 18:40:00,2016-10-18 19:00:00)",210.54000000000008
C,1,"[2016-10-19 17:00:00,2016-10-19 17:20:00)",185.1036666666667
C,1,"[2016-10-19 17:20:00,2016-10-19 17:40:00)",190.77300000000002
C,1,"[2016-10-19 17:40:00,2016-10-19 18:00:00)",195.26633333333334
C,1,"[2016-10-19 18:00:00,2016-10-19 18:20:00)",227.47700000000003
C,1,"[2016-10-19 18:20:00,2016-10-19 18:40:00)",296.82499999999993
C,1,"[2016-10-19 18:40:00,2016-10-19 19:00:00)",249.30433333333335
C,1,"[2016-10-20 17:00:00,2016-10-20 17:20:00)",177.11766666666668
C,1,"[2016-10-20 17:20:00,2016-10-20 17:40:00)",177.28
C,1,"[2016-10-20 17:40:00,2016-10-20 18:00:00)",203.119
C,1,"[2016-10-20 18:00:00,2016-10-20 18:20:00)",199.41566666666668
C,1,"[2016-10-20 18:20:00,2016-10-20 18:40:00)",204.83500000000006
C,1,"[2016-10-20 18:40:00,2016-10-20 19:00:00)",221.51266666666677
C,1,"[2016-10-21 17:00:00,2016-10-21 17:20:00)",234.2823333333333
C,1,"[2016-10-21 17:20:00,2016-10-21 17:40:00)",230.86700000000005
C,1,"[2016-10-21 17:40:00,2016-10-21 18:00:00)",223.11399999999998
C,1,"[2016-10-21 18:00:00,2016-10-21 18:20:00)",208.75866666666667
C,1,"[2016-10-21 18:20:00,2016-10-21 18:40:00)",237.46533333333335
C,1,"[2016-10-21 18:40:00,2016-10-21 19:00:00)",227.59133333333335
C,1,"[2016-10-22 17:00:00,2016-10-22 17:20:00)",172.4646666666667
C,1,"[2016-10-22 17:20:00,2016-10-22 17:40:00)",174.70933333333332
C,1,"[2016-10-22 17:40:00,2016-10-22 18:00:00)",185.87466666666666
C,1,"[2016-10-22 18:00:00,2016-10-22 18:20:00)",194.37533333333334
C,1,"[2016-10-22 18:20:00,2016-10-22 18:40:00)",182.39166666666662
C,1,"[2016-10-22 18:40:00,2016-10-22 19:00:00)",170.543
C,1,"[2016-10-23 17:00:00,2016-10-23 17:20:00)",193.49600000000004
C,1,"[2016-10-23 17:20:00,2016-10-23 17:40:00)",199.84600000000003
C,1,"[2016-10-23 17:40:00,2016-10-23 18:00:00)",188.5206666666667
C,1,"[2016-10-23 18:00:00,2016-10-23 18:20:00)",207.59633333333338
C,1,"[2016-10-23 18:20:00,2016-10-23 18:40:00)",221.14866666666668
C,1,"[2016-10-23 18:40:00,2016-10-23 19:00:00)",322.4026666666667
C,1,"[2016-10-24 17:00:00,2016-10-24 17:20:00)",178.65233333333333
C,1,"[2016-10-24 17:20:00,2016-10-24 17:40:00)",195.1973333333334
C,1,"[2016-10-24 17:40:00,2016-10-24 18:00:00)",212.151
C,1,"[2016-10-24 18:00:00,2016-10-24 18:20:00)",170.73166666666668
C,1,"[2016-10-24 18:20:00,2016-10-24 18:40:00)",188.93400000000005
C,1,"[2016-10-24 18:40:00,2016-10-24 19:00:00)",183.7816666666667
C,3,"[2016-10-18 17:00:00,2016-10-18 17:20:00)",146.258
C,3,"[2016-10-18 17:20:00,2016-10-18 17:40:00)",158.38533333333336
C,3,"[2016-10-18 17:40:00,2016-10-18 18:00:00)",172.44333333333333
C,3,"[2016-10-18 18:00:00,2016-10-18 18:20:00)",207.97666666666666
C,3,"[2016-10-18 18:20:00,2016-10-18 18:40:00)",205.1443333333333
C,3,"[2016-10-18 18:40:00,2016-10-18 19:00:00)",220.0463333333333
C,3,"[2016-10-19 17:00:00,2016-10-19 17:20:00)",160.38400000000001
C,3,"[2016-10-19 17:20:00,2016-10-19 17:40:00)",179.449
C,3,"[2016-10-19 17:40:00,2016-10-19 18:00:00)",184.75966666666667
C,3,"[2016-10-19 18:00:00,2016-10-19 18:20:00)",208.62366666666674
C,3,"[2016-10-19 18:20:00,2016-10-19 18:40:00)",251.72366666666673
C,3,"[2016-10-19 18:40:00,2016-10-19 19:00:00)",244.58699999999993
C,3,"[2016-10-20 17:00:00,2016-10-20 17:20:00)",169.17933333333337
C,3,"[2016-10-20 17:20:00,2016-10-20 17:40:00)",179.33933333333334
C,3,"[2016-10-20 17:40:00,2016-10-20 18:00:00)",198.3666666666667
C,3,"[2016-10-20 18:00:00,2016-10-20 18:20:00)",204.33333333333334
C,3,"[2016-10-20 18:20:00,2016-10-20 18:40:00)",214.17866666666666
C,3,"[2016-10-20 18:40:00,2016-10-20 19:00:00)",222.79366666666672
C,3,"[2016-10-21 17:00:00,2016-10-21 17:20:00)",198.23700000000008
C,3,"[2016-10-21 17:20:00,2016-10-21 17:40:00)",196.76866666666672
C,3,"[2016-10-21 17:40:00,2016-10-21 18:00:00)",206.46266666666676
C,3,"[2016-10-21 18:00:00,2016-10-21 18:20:00)",198.16200000000006
C,3,"[2016-10-21 18:20:00,2016-10-21 18:40:00)",202.10233333333335
C,3,"[2016-10-21 18:40:00,2016-10-21 19:00:00)",199.2353333333334
C,3,"[2016-10-22 17:00:00,2016-10-22 17:20:00)",169.61066666666667
C,3,"[2016-10-22 17:20:00,2016-10-22 17:40:00)",180.34233333333336
C,3,"[2016-10-22 17:40:00,2016-10-22 18:00:00)",182.76166666666668
C,3,"[2016-10-22 18:00:00,2016-10-22 18:20:00)",224.42000000000002
C,3,"[2016-10-22 18:20:00,2016-10-22 18:40:00)",218.65966666666665
C,3,"[2016-10-22 18:40:00,2016-10-22 19:00:00)",209.46566666666666
C,3,"[2016-10-23 17:00:00,2016-10-23 17:20:00)",184.14533333333335
C,3,"[2016-10-23 17:20:00,2016-10-23 17:40:00)",187.47333333333336
C,3,"[2016-10-23 17:40:00,2016-10-23 18:00:00)",187.4406666666667
C,3,"[2016-10-23 18:00:00,2016-10-23 18:20:00)",199.98433333333338
C,3,"[2016-10-23 18:20:00,2016-10-23 18:40:00)",216.80966666666671
C,3,"[2016-10-23 18:40:00,2016-10-23 19:00:00)",295.76533333333333
C,3,"[2016-10-24 17:00:00,2016-10-24 17:20:00)",180.7023333333333
C,3,"[2016-10-24 17:20:00,2016-10-24 17:40:00)",172.47733333333335
C,3,"[2016-10-24 17:40:00,2016-10-24 18:00:00)",206.6266666666667
C,3,"[2016-10-24 18:00:00,2016-10-24 18:20:00)",180.33366666666674
C,3,"[2016-10-24 18:20:00,2016-10-24 18:40:00)",183.08633333333336
C,3,"[2016-10-24 18:40:00,2016-10-24 19:00:00)",185.90933333333336
